{"post1": [47.641482370883864,-122.14036499180827],
 "post2": [47.64254900577103,-122.14036358759651],
 "post3": [47.642632115856806,-122.13892325834075],
 "post4": [47.642634517703016,-122.14203898419318]}